{
  "ExecutionPlan": [{
    "ExecutionVariants": [{
      "Description": "CPU Performance",
      "InputVector": {
        "NumberArithmeticOperations": "2000000",
        "PrimeNumbersSearchTime": 10
      },
      "RepeatCount": "5",
      "ScaleOut": {
        "ConcurrentExecution": true,
        "Hosts": "",
        "Port": "50000",
        "Transcription": null
      }
    }],
    "ID": "C9C9F832-854F-492D-8E7EFB4609AC435C",
    "Note": "CPU Micro Benchmark"
  }, {
    "ExecutionVariants": [{
      "Description": "Buffer 1MB",
      "InputVector": {
        "BlockSize": "1048576",
        "Iterations": 100
      },
      "RepeatCount": "5",
      "ScaleOut": {
        "ConcurrentExecution": true,
        "Hosts": "",
        "Port": "50000",
        "Transcription": null
      }
    }, {
      "Description": "Buffer 1GB",
      "InputVector": {
        "BlockSize": "1073741824",
        "Iterations": 1
      },
      "RepeatCount": "1",
      "ScaleOut": {
        "ConcurrentExecution": true,
        "Hosts": "",
        "Port": "50000",
        "Transcription": null
      }
    }],
    "ID": "89A12C5D-E7F5-4CB2-9DE715A03DD9B9FE",
    "Note": "CPU Hash Benchmark"
  }, {
    "ExecutionVariants": [{
      "Description": "Buffer 1MB",
      "InputVector": {
        "BlockSize": "1048576",
        "Iterations": 10
      },
      "RepeatCount": "5",
      "ScaleOut": {
        "ConcurrentExecution": true,
        "Hosts": "",
        "Port": "50000",
        "Transcription": null
      }
    }, {
      "Description": "Buffer 1GB Single Core",
      "InputVector": {
        "BlockSize": "1073741824",
        "Iterations": 1
      },
      "RepeatCount": "1",
      "ScaleOut": {
        "ConcurrentExecution": true,
        "Hosts": "",
        "Port": "50000",
        "Transcription": null
      }
    }],
    "ID": "9CE17161-986F-4183-965077F1D8C9ABB8",
    "Note": "CPU Memory Benchmark"
  }, {
    "ExecutionVariants": [{
      "Description": "Timer Checks",
      "InputVector": {
        "TestTime": 2000
      },
      "RepeatCount": "1",
      "ScaleOut": {
        "ConcurrentExecution": true,
        "Hosts": "",
        "Port": "50000",
        "Transcription": null
      }
    }],
    "ID": "3CF9A97D-E1F6-4341-BC316AA2413697FF",
    "Note": "NUMA Timer Test"
  }, {
    "ExecutionVariants": [{
      "Description": "Simple NUMA Memory Latency Check",
      "InputVector": {
        "LoadThreadsCPUNode": 3,
        "Loaded": false,
        "MemNumaNode": -1,
        "Memory": 100000,
        "StealingPolicy": 3,
        "Stride": 64,
        "TestTime": 10
      },
      "RepeatCount": "1",
      "ScaleOut": {
        "ConcurrentExecution": true,
        "Hosts": "",
        "Port": "50000",
        "Transcription": null
      }
    }, {
      "Description": "NVM NUMA Memory Latency Check",
      "InputVector": {
        "LoadThreadsCPUNode": 3,
        "Loaded": false,
        "MemNumaNode": -1,
        "Memory": 100000,
        "NvmBasePath": "",
        "StealingPolicy": 3,
        "Stride": 64,
        "TestTime": 10,
        "UseNvm": 1
      },
      "RepeatCount": "1",
      "ScaleOut": {
        "ConcurrentExecution": true,
        "Hosts": "",
        "Port": "50000",
        "Transcription": null
      }
    }],
    "ID": "36324424-F9CC-44DF-820752124C6A5652",
    "Note": "NUMA Memory Latency Test"
  }, {
    "ExecutionVariants": [{
      "Description": "Simple NUMA Memory Bandwidth Check",
      "InputVector": {
        "LoadThreadsCPUNode": 3,
        "Loaded": false,
        "MemNumaNode": -1,
        "Memory": 10000,
        "StealingPolicy": 0,
        "Stride": 64,
        "TestTime": 20
      },
      "RepeatCount": "1",
      "ScaleOut": {
        "ConcurrentExecution": true,
        "Hosts": "",
        "Port": "50000",
        "Transcription": null
      }
    }],
    "ID": "113FE950-77A4-41CF-884BAF25F4EB27F0",
    "Note": "NUMA Memory Bandwidth Test"
  }, {
    "ExecutionVariants": [{
      "Description": "4K Block, Log Volume 5GB, Overwrite",
      "Hint": "Log",
      "InputVector": {
        "AsyncReadSubmit": "on",
        "AsyncWriteSubmitActive": "on",
        "AsyncWriteSubmitBlocks": "all",
        "BlockSize": 4096,
        "DirectoryName": "/hana/log",
        "ExtMaxParallelIoRequests": "64",
        "ExtMaxSubmitBatchSize": "64",
        "ExtMinSubmitBatchSize": "16",
        "ExtNumCompletionQueues": "1",
        "ExtNumSubmitQueues": "1",
        "ExtSizeKernelIoQueue": "512",
        "FileOverwrite": true,
        "FileSize": 5368709120,
        "RandomAccess": false,
        "RandomData": true
      },
      "RepeatCount": "1",
      "ScaleOut": {
        "ConcurrentExecution": "true",
        "Hosts": "",
        "Port": "50000",
        "Transcription": null
      }
    }, {
      "Description": "16K Block, Log Volume 16GB, Overwrite",
      "Hint": "Log",
      "InputVector": {
        "AsyncReadSubmit": "on",
        "AsyncWriteSubmitActive": "on",
        "AsyncWriteSubmitBlocks": "all",
        "BlockSize": 16384,
        "DirectoryName": "/hana/log",
        "ExtMaxParallelIoRequests": "64",
        "ExtMaxSubmitBatchSize": "64",
        "ExtMinSubmitBatchSize": "16",
        "ExtNumCompletionQueues": "1",
        "ExtNumSubmitQueues": "1",
        "ExtSizeKernelIoQueue": "512",
        "FileOverwrite": true,
        "FileSize": 17179869184,
        "RandomAccess": false,
        "RandomData": true
      },
      "RepeatCount": "1",
      "ScaleOut": {
        "ConcurrentExecution": "true",
        "Hosts": "",
        "Port": "50000",
        "Transcription": null
      }
    }, {
      "Description": "1M Block, Log Volume 16GB, Overwrite",
      "Hint": "Log",
      "InputVector": {
        "AsyncReadSubmit": "on",
        "AsyncWriteSubmitActive": "on",
        "AsyncWriteSubmitBlocks": "all",
        "BlockSize": 1048576,
        "DirectoryName": "/hana/log",
        "ExtMaxParallelIoRequests": "64",
        "ExtMaxSubmitBatchSize": "64",
        "ExtMinSubmitBatchSize": "16",
        "ExtNumCompletionQueues": "1",
        "ExtNumSubmitQueues": "1",
        "ExtSizeKernelIoQueue": "512",
        "FileOverwrite": true,
        "FileSize": 17179869184,
        "RandomAccess": false,
        "RandomData": true
      },
      "RepeatCount": "1",
      "ScaleOut": {
        "ConcurrentExecution": "true",
        "Hosts": "",
        "Port": "50000",
        "Transcription": null
      }
    }, {
      "Description": "16KB Block, Data Volume 16GB",
      "Hint": "Data",
      "InputVector": {
        "AsyncReadSubmit": "on",
        "AsyncWriteSubmitActive": "on",
        "AsyncWriteSubmitBlocks": "all",
        "BlockSize": 16384,
        "DirectoryName": "/hana/data",
        "ExtMaxParallelIoRequests": "64",
        "ExtMaxSubmitBatchSize": "64",
        "ExtMinSubmitBatchSize": "16",
        "ExtNumCompletionQueues": "1",
        "ExtNumSubmitQueues": "1",
        "ExtSizeKernelIoQueue": "512",
        "FileOverwrite": false,
        "FileSize": 17179869184,
        "RandomAccess": true,
        "RandomData": true
      },
      "RepeatCount": "1",
      "ScaleOut": {
        "ConcurrentExecution": "true",
        "Hosts": "",
        "Port": "50000",
        "Transcription": null
      }
    }, {
      "Description": "64KB Block, Data Volume 16GB",
      "Hint": "Data",
      "InputVector": {
        "AsyncReadSubmit": "on",
        "AsyncWriteSubmitActive": "on",
        "AsyncWriteSubmitBlocks": "all",
        "BlockSize": 65536,
        "DirectoryName": "/hana/data",
        "ExtMaxParallelIoRequests": "64",
        "ExtMaxSubmitBatchSize": "64",
        "ExtMinSubmitBatchSize": "16",
        "ExtNumCompletionQueues": "1",
        "ExtNumSubmitQueues": "1",
        "ExtSizeKernelIoQueue": "512",
        "FileOverwrite": false,
        "FileSize": 17179869184,
        "RandomAccess": true,
        "RandomData": true
      },
      "RepeatCount": "1",
      "ScaleOut": {
        "ConcurrentExecution": "true",
        "Hosts": "",
        "Port": "50000",
        "Transcription": null
      }
    }, {
      "Description": "1MB Block, Data Volume 16GB",
      "Hint": "Data",
      "InputVector": {
        "AsyncReadSubmit": "on",
        "AsyncWriteSubmitActive": "on",
        "AsyncWriteSubmitBlocks": "all",
        "BlockSize": 1048576,
        "DirectoryName": "/hana/data",
        "ExtMaxParallelIoRequests": "64",
        "ExtMaxSubmitBatchSize": "64",
        "ExtMinSubmitBatchSize": "16",
        "ExtNumCompletionQueues": "1",
        "ExtNumSubmitQueues": "1",
        "ExtSizeKernelIoQueue": "512",
        "FileOverwrite": false,
        "FileSize": 17179869184,
        "RandomAccess": true,
        "RandomData": true
      },
      "RepeatCount": "1",
      "ScaleOut": {
        "ConcurrentExecution": "true",
        "Hosts": "",
        "Port": "50000",
        "Transcription": null
      }
    }, {
      "Description": "16MB Block, Data Volume 16GB",
      "Hint": "Data",
      "InputVector": {
        "AsyncReadSubmit": "on",
        "AsyncWriteSubmitActive": "on",
        "AsyncWriteSubmitBlocks": "all",
        "BlockSize": 16777216,
        "DirectoryName": "/hana/data",
        "ExtMaxParallelIoRequests": "64",
        "ExtMaxSubmitBatchSize": "64",
        "ExtMinSubmitBatchSize": "16",
        "ExtNumCompletionQueues": "1",
        "ExtNumSubmitQueues": "1",
        "ExtSizeKernelIoQueue": "512",
        "FileOverwrite": false,
        "FileSize": 17179869184,
        "RandomAccess": true,
        "RandomData": true
      },
      "RepeatCount": "1",
      "ScaleOut": {
        "ConcurrentExecution": "true",
        "Hosts": "",
        "Port": "50000",
        "Transcription": null
      }
    }, {
      "Description": "64MB Block, Data Volume 16GB",
      "Hint": "Data",
      "InputVector": {
        "AsyncReadSubmit": "on",
        "AsyncWriteSubmitActive": "on",
        "AsyncWriteSubmitBlocks": "all",
        "BlockSize": 67108864,
        "DirectoryName": "/hana/data",
        "ExtMaxParallelIoRequests": "64",
        "ExtMaxSubmitBatchSize": "64",
        "ExtMinSubmitBatchSize": "16",
        "ExtNumCompletionQueues": "1",
        "ExtNumSubmitQueues": "1",
        "ExtSizeKernelIoQueue": "512",
        "FileOverwrite": false,
        "FileSize": 17179869184,
        "RandomAccess": true,
        "RandomData": true
      },
      "RepeatCount": "1",
      "ScaleOut": {
        "ConcurrentExecution": "true",
        "Hosts": "",
        "Port": "50000",
        "Transcription": null
      }
    }, {
      "Description": "16KB Block, Data Volume 16GB, Overwrite",
      "Hint": "Data",
      "InputVector": {
        "AsyncReadSubmit": "on",
        "AsyncWriteSubmitActive": "on",
        "AsyncWriteSubmitBlocks": "all",
        "BlockSize": 16384,
        "DirectoryName": "/hana/data",
        "ExtMaxParallelIoRequests": "64",
        "ExtMaxSubmitBatchSize": "64",
        "ExtMinSubmitBatchSize": "16",
        "ExtNumCompletionQueues": "1",
        "ExtNumSubmitQueues": "1",
        "ExtSizeKernelIoQueue": "512",
        "FileOverwrite": true,
        "FileSize": 17179869184,
        "RandomAccess": true,
        "RandomData": true
      },
      "RepeatCount": "1",
      "ScaleOut": {
        "ConcurrentExecution": "true",
        "Hosts": "",
        "Port": "50000",
        "Transcription": null
      }
    }, {
      "Description": "64KB Block, Data Volume 16GB, Overwrite",
      "Hint": "Data",
      "InputVector": {
        "AsyncReadSubmit": "on",
        "AsyncWriteSubmitActive": "on",
        "AsyncWriteSubmitBlocks": "all",
        "BlockSize": 65536,
        "DirectoryName": "/hana/data",
        "ExtMaxParallelIoRequests": "64",
        "ExtMaxSubmitBatchSize": "64",
        "ExtMinSubmitBatchSize": "16",
        "ExtNumCompletionQueues": "1",
        "ExtNumSubmitQueues": "1",
        "ExtSizeKernelIoQueue": "512",
        "FileOverwrite": true,
        "FileSize": 17179869184,
        "RandomAccess": true,
        "RandomData": true
      },
      "RepeatCount": "1",
      "ScaleOut": {
        "ConcurrentExecution": "true",
        "Hosts": "",
        "Port": "50000",
        "Transcription": null
      }
    }, {
      "Description": "1MB Block, Data Volume 16GB, Overwrite",
      "Hint": "Data",
      "InputVector": {
        "AsyncReadSubmit": "on",
        "AsyncWriteSubmitActive": "on",
        "AsyncWriteSubmitBlocks": "all",
        "BlockSize": 1048576,
        "DirectoryName": "/hana/data",
        "ExtMaxParallelIoRequests": "64",
        "ExtMaxSubmitBatchSize": "64",
        "ExtMinSubmitBatchSize": "16",
        "ExtNumCompletionQueues": "1",
        "ExtNumSubmitQueues": "1",
        "ExtSizeKernelIoQueue": "512",
        "FileOverwrite": true,
        "FileSize": 17179869184,
        "RandomAccess": true,
        "RandomData": true
      },
      "RepeatCount": "1",
      "ScaleOut": {
        "ConcurrentExecution": "true",
        "Hosts": "",
        "Port": "50000",
        "Transcription": null
      }
    }, {
      "Description": "16MB Block, Data Volume 16GB, Overwrite",
      "Hint": "Data",
      "InputVector": {
        "AsyncReadSubmit": "on",
        "AsyncWriteSubmitActive": "on",
        "AsyncWriteSubmitBlocks": "all",
        "BlockSize": 16777216,
        "DirectoryName": "/hana/data",
        "ExtMaxParallelIoRequests": "64",
        "ExtMaxSubmitBatchSize": "64",
        "ExtMinSubmitBatchSize": "16",
        "ExtNumCompletionQueues": "1",
        "ExtNumSubmitQueues": "1",
        "ExtSizeKernelIoQueue": "512",
        "FileOverwrite": true,
        "FileSize": 17179869184,
        "RandomAccess": true,
        "RandomData": true
      },
      "RepeatCount": "1",
      "ScaleOut": {
        "ConcurrentExecution": "true",
        "Hosts": "",
        "Port": "50000",
        "Transcription": null
      }
    }, {
      "Description": "64MB Block, Data Volume 16GB, Overwrite",
      "Hint": "Data",
      "InputVector": {
        "AsyncReadSubmit": "on",
        "AsyncWriteSubmitActive": "on",
        "AsyncWriteSubmitBlocks": "all",
        "BlockSize": 67108864,
        "DirectoryName": "/hana/data",
        "ExtMaxParallelIoRequests": "64",
        "ExtMaxSubmitBatchSize": "64",
        "ExtMinSubmitBatchSize": "16",
        "ExtNumCompletionQueues": "1",
        "ExtNumSubmitQueues": "1",
        "ExtSizeKernelIoQueue": "512",
        "FileOverwrite": true,
        "FileSize": 17179869184,
        "RandomAccess": true,
        "RandomData": true
      },
      "RepeatCount": "1",
      "ScaleOut": {
        "ConcurrentExecution": "true",
        "Hosts": "",
        "Port": "50000",
        "Transcription": null
      }
    }],
    "ID": "D664D001-933D-41DE-A904F304AEB67906",
    "Note": "File System Write Test"
  }, {
    "ExecutionVariants": [{
      "Description": "4KB Block, Log Volume 5GB",
      "Hint": "Log",
      "InputVector": {
        "AsyncReadSubmit": "on",
        "AsyncWriteSubmitActive": "on",
        "AsyncWriteSubmitBlocks": "all",
        "BlockSize": 4096,
        "DirectoryName": "/hana/log",
        "ExtMaxParallelIoRequests": "64",
        "ExtMaxSubmitBatchSize": "64",
        "ExtMinSubmitBatchSize": "16",
        "ExtNumCompletionQueues": "1",
        "ExtNumSubmitQueues": "1",
        "ExtSizeKernelIoQueue": "512",
        "FileOverwrite": true,
        "FileSize": 5368709120,
        "RandomAccess": false,
        "RandomData": true
      },
      "RepeatCount": "1",
      "ScaleOut": {
        "ConcurrentExecution": "true",
        "Hosts": "",
        "Port": "50000",
        "Transcription": null
      }
    }, {
      "Description": "16KB Block, Log Volume 16GB",
      "Hint": "Log",
      "InputVector": {
        "AsyncReadSubmit": "on",
        "AsyncWriteSubmitActive": "on",
        "AsyncWriteSubmitBlocks": "all",
        "BlockSize": 16384,
        "DirectoryName": "/hana/log",
        "ExtMaxParallelIoRequests": "64",
        "ExtMaxSubmitBatchSize": "64",
        "ExtMinSubmitBatchSize": "16",
        "ExtNumCompletionQueues": "1",
        "ExtNumSubmitQueues": "1",
        "ExtSizeKernelIoQueue": "512",
        "FileOverwrite": true,
        "FileSize": 17179869184,
        "RandomAccess": false,
        "RandomData": true
      },
      "RepeatCount": "1",
      "ScaleOut": {
        "ConcurrentExecution": "true",
        "Hosts": "",
        "Port": "50000",
        "Transcription": null
      }
    }, {
      "Description": "1MB Block, Log Volume 16GB",
      "Hint": "Log",
      "InputVector": {
        "AsyncReadSubmit": "on",
        "AsyncWriteSubmitActive": "on",
        "AsyncWriteSubmitBlocks": "all",
        "BlockSize": 1048576,
        "DirectoryName": "/hana/log",
        "ExtMaxParallelIoRequests": "64",
        "ExtMaxSubmitBatchSize": "64",
        "ExtMinSubmitBatchSize": "16",
        "ExtNumCompletionQueues": "1",
        "ExtNumSubmitQueues": "1",
        "ExtSizeKernelIoQueue": "512",
        "FileOverwrite": true,
        "FileSize": 17179869184,
        "RandomAccess": false,
        "RandomData": true
      },
      "RepeatCount": "1",
      "ScaleOut": {
        "ConcurrentExecution": "true",
        "Hosts": "",
        "Port": "50000",
        "Transcription": null
      }
    }, {
      "Description": "16K Block, Data Volume 16GB",
      "Hint": "Data",
      "InputVector": {
        "AsyncReadSubmit": "on",
        "AsyncWriteSubmitActive": "on",
        "AsyncWriteSubmitBlocks": "all",
        "BlockSize": 16384,
        "DirectoryName": "/hana/data",
        "ExtMaxParallelIoRequests": "64",
        "ExtMaxSubmitBatchSize": "64",
        "ExtMinSubmitBatchSize": "16",
        "ExtNumCompletionQueues": "1",
        "ExtNumSubmitQueues": "1",
        "ExtSizeKernelIoQueue": "512",
        "FileOverwrite": true,
        "FileSize": 17179869184,
        "RandomAccess": true,
        "RandomData": true
      },
      "RepeatCount": "1",
      "ScaleOut": {
        "ConcurrentExecution": "true",
        "Hosts": "",
        "Port": "50000",
        "Transcription": null
      }
    }, {
      "Description": "64KB Block, Data Volume 16GB",
      "Hint": "Data",
      "InputVector": {
        "AsyncReadSubmit": "on",
        "AsyncWriteSubmitActive": "on",
        "AsyncWriteSubmitBlocks": "all",
        "BlockSize": 65536,
        "DirectoryName": "/hana/data",
        "ExtMaxParallelIoRequests": "64",
        "ExtMaxSubmitBatchSize": "64",
        "ExtMinSubmitBatchSize": "16",
        "ExtNumCompletionQueues": "1",
        "ExtNumSubmitQueues": "1",
        "ExtSizeKernelIoQueue": "512",
        "FileOverwrite": true,
        "FileSize": 17179869184,
        "RandomAccess": true,
        "RandomData": true
      },
      "RepeatCount": "1",
      "ScaleOut": {
        "ConcurrentExecution": "true",
        "Hosts": "",
        "Port": "50000",
        "Transcription": null
      }
    }, {
      "Description": "1MB Block, Data Volume 16GB",
      "Hint": "Data",
      "InputVector": {
        "AsyncReadSubmit": "on",
        "AsyncWriteSubmitActive": "on",
        "AsyncWriteSubmitBlocks": "all",
        "BlockSize": 1048576,
        "DirectoryName": "/hana/data",
        "ExtMaxParallelIoRequests": "64",
        "ExtMaxSubmitBatchSize": "64",
        "ExtMinSubmitBatchSize": "16",
        "ExtNumCompletionQueues": "1",
        "ExtNumSubmitQueues": "1",
        "ExtSizeKernelIoQueue": "512",
        "FileOverwrite": true,
        "FileSize": 17179869184,
        "RandomAccess": true,
        "RandomData": true
      },
      "RepeatCount": "1",
      "ScaleOut": {
        "ConcurrentExecution": "true",
        "Hosts": "",
        "Port": "50000",
        "Transcription": null
      }
    }, {
      "Description": "16MB Block, Data Volume 16GB",
      "Hint": "Data",
      "InputVector": {
        "AsyncReadSubmit": "on",
        "AsyncWriteSubmitActive": "on",
        "AsyncWriteSubmitBlocks": "all",
        "BlockSize": 16777216,
        "DirectoryName": "/hana/data",
        "ExtMaxParallelIoRequests": "64",
        "ExtMaxSubmitBatchSize": "64",
        "ExtMinSubmitBatchSize": "16",
        "ExtNumCompletionQueues": "1",
        "ExtNumSubmitQueues": "1",
        "ExtSizeKernelIoQueue": "512",
        "FileOverwrite": true,
        "FileSize": 17179869184,
        "RandomAccess": true,
        "RandomData": true
      },
      "RepeatCount": "1",
      "ScaleOut": {
        "ConcurrentExecution": "true",
        "Hosts": "",
        "Port": "50000",
        "Transcription": null
      }
    }, {
      "Description": "64MB Block, Data Volume 16GB",
      "Hint": "Data",
      "InputVector": {
        "AsyncReadSubmit": "on",
        "AsyncWriteSubmitActive": "on",
        "AsyncWriteSubmitBlocks": "all",
        "BlockSize": 67108864,
        "DirectoryName": "/hana/data",
        "ExtMaxParallelIoRequests": "64",
        "ExtMaxSubmitBatchSize": "64",
        "ExtMinSubmitBatchSize": "16",
        "ExtNumCompletionQueues": "1",
        "ExtNumSubmitQueues": "1",
        "ExtSizeKernelIoQueue": "512",
        "FileOverwrite": true,
        "FileSize": 17179869184,
        "RandomAccess": true,
        "RandomData": true
      },
      "RepeatCount": "1",
      "ScaleOut": {
        "ConcurrentExecution": "true",
        "Hosts": "",
        "Port": "50000",
        "Transcription": null
      }
    }],
    "ID": "168B7333-86D4-1334-A300F54B104B6ADB",
    "Note": "File System Read Test"
  }, {
    "ExecutionVariants": [{
      "Description": "NUMA Query Performance Standard Jobs Tests",
      "InputVector": {
        "ArraySize": 100000,
        "ConcurrencyPolicy": 1,
        "NumaNodes": 0,
        "StealingPolicy": 1,
        "Stride": 1,
        "TimePerJob": 1000
      },
      "RepeatCount": "4",
      "ScaleOut": {
        "ConcurrentExecution": false,
        "Hosts": "",
        "Port": "50000",
        "Transcription": null
      }
    }],
    "ID": "70B43050-B3D2-41A2-B838473FD2C945B2",
    "Note": "NUMA Jobs Query Performance Test"
  }, {
    "ExecutionVariants": [{
      "Description": "NUMA Throughput Performance Standard Jobs Tests",
      "InputVector": {
        "ArraySize": 100000,
        "ConcurrencyPolicy": 1,
        "NumaNodes": 0,
        "StealingPolicy": 1,
        "Stride": 1,
        "TimePerJob": 1000
      },
      "RepeatCount": "4",
      "ScaleOut": {
        "ConcurrentExecution": true,
        "Hosts": "",
        "Port": "50000",
        "Transcription": null
      }
    }],
    "ID": "402E6936-CBA9-4E03-AC3B6AB06825799F",
    "Note": "NUMA Jobs Throughput Performance Test"
  }, {
    "ExecutionVariants": [{
      "Description": "Query Network Settings",
      "InputVector": {
},
      "RepeatCount": "1",
      "ScaleOut": {
        "ConcurrentExecution": true,
        "Hosts": "",
        "Port": "50000",
        "Transcription": null
      }
    }],
    "ID": "53A66C52-B438-4E2A-96D2767EE05A60C3",
    "Note": "Network Device Information"
  }, {
    "ExecutionVariants": [{
      "Description": "Send and Receive",
      "InputVector": {
        "Port": "50001",
        "ReceiveDataSize": "100000000",
        "SendDataSize": "100000000"
      },
      "RepeatCount": "5",
      "ScaleOut": {
        "ConcurrentExecution": false,
        "Hosts": "",
        "Port": "50000",
        "Transcription": null
      }
    }, {
      "Description": "Send only",
      "InputVector": {
        "Port": "50001",
        "ReceiveDataSize": 0,
        "SendDataSize": "100000000"
      },
      "RepeatCount": "5",
      "ScaleOut": {
        "ConcurrentExecution": false,
        "Hosts": "",
        "Port": "50000",
        "Transcription": null
      }
    }, {
      "Description": "Receive only",
      "InputVector": {
        "Port": "50001",
        "ReceiveDataSize": "100000000",
        "SendDataSize": 0
      },
      "RepeatCount": "5",
      "ScaleOut": {
        "ConcurrentExecution": false,
        "Hosts": "",
        "Port": "50000",
        "Transcription": null
      }
    }],
    "ID": "9F6AB928-A310-4F0E-97003603FF050FEB",
    "Note": "Network Loopback Test"
  }, {
    "ExecutionVariants": [{
      "Description": "Send and Receive",
      "InputVector": {
        "Hosts": "",
        "Port": "50001",
        "ReceiveDataSize": "100000000",
        "RemotePort": "50000",
        "SendDataSize": "100000000"
      },
      "RepeatCount": "5",
      "ScaleOut": null
    }, {
      "Description": "Send only",
      "InputVector": {
        "Hosts": "",
        "Port": "50001",
        "ReceiveDataSize": 0,
        "RemotePort": "50000",
        "SendDataSize": "100000000"
      },
      "RepeatCount": "5",
      "ScaleOut": null
    }, {
      "Description": "Receive only",
      "InputVector": {
        "Hosts": "",
        "Port": "50001",
        "ReceiveDataSize": "100000000",
        "RemotePort": "50000",
        "SendDataSize": 0
      },
      "RepeatCount": "5",
      "ScaleOut": null
    }, {
      "Description": "BiDi 16GB 1 Channel",
      "InputVector": {
        "Hosts": "",
        "NumChannels": "1",
        "Port": "50001",
        "ReceiveDataSize": "17179869184",
        "RemotePort": "50000",
        "SendDataSize": "17179869184"
      },
      "RepeatCount": "1",
      "ScaleOut": null
    }, {
      "Description": "BiDi 16GB 2 Channel",
      "InputVector": {
        "Hosts": "",
        "NumChannels": "2",
        "Port": "50001",
        "ReceiveDataSize": "8589934592",
        "RemotePort": "50000",
        "SendDataSize": "8589934592"
      },
      "RepeatCount": "1",
      "ScaleOut": null
    }, {
      "Description": "BiDi 16GB 4 Channel",
      "InputVector": {
        "Hosts": "",
        "NumChannels": "4",
        "Port": "50001",
        "ReceiveDataSize": "4294967296",
        "RemotePort": "50000",
        "SendDataSize": "4294967296"
      },
      "RepeatCount": "1",
      "ScaleOut": null
    }, {
      "Description": "BiDi 16GB 8 Channel",
      "InputVector": {
        "Hosts": "",
        "NumChannels": "8",
        "Port": "50001",
        "ReceiveDataSize": "2147483648",
        "RemotePort": "50000",
        "SendDataSize": "2147483648"
      },
      "RepeatCount": "1",
      "ScaleOut": null
    }, {
      "Description": "BiDi 16GB 16 Channel",
      "InputVector": {
        "Hosts": "",
        "NumChannels": "16",
        "Port": "50001",
        "ReceiveDataSize": "1073741824",
        "RemotePort": "50000",
        "SendDataSize": "1073741824"
      },
      "RepeatCount": "1",
      "ScaleOut": null
    }, {
      "Description": "BiDi 16GB 32 Channel",
      "InputVector": {
        "Hosts": "",
        "NumChannels": "32",
        "Port": "50001",
        "ReceiveDataSize": "536870912",
        "RemotePort": "50000",
        "SendDataSize": "536870912"
      },
      "RepeatCount": "1",
      "ScaleOut": null
    }, {
      "Description": "BiDi 16GB 64 Channel",
      "InputVector": {
        "Hosts": "",
        "NumChannels": "64",
        "Port": "50001",
        "ReceiveDataSize": "268435456",
        "RemotePort": "50000",
        "SendDataSize": "268435456"
      },
      "RepeatCount": "1",
      "ScaleOut": null
    }, {
      "Description": "BiDi 16GB 128 Channel",
      "InputVector": {
        "Hosts": "",
        "NumChannels": "128",
        "Port": "50001",
        "ReceiveDataSize": "134217728",
        "RemotePort": "50000",
        "SendDataSize": "134217728"
      },
      "RepeatCount": "1",
      "ScaleOut": null
    }, {
      "Description": "BiDi 16GB 256 Channel",
      "InputVector": {
        "Hosts": "",
        "NumChannels": "256",
        "Port": "50001",
        "ReceiveDataSize": "67108864",
        "RemotePort": "50000",
        "SendDataSize": "67108864"
      },
      "RepeatCount": "1",
      "ScaleOut": null
    }, {
      "Description": "BiDi 16GB 512 Channel",
      "InputVector": {
        "Hosts": "",
        "NumChannels": "512",
        "Port": "50001",
        "ReceiveDataSize": "33554432",
        "RemotePort": "50000",
        "SendDataSize": "33554432"
      },
      "RepeatCount": "1",
      "ScaleOut": null
    }],
    "ID": "904B09AB-92EE-4641-A443B12C439D1BD0",
    "Note": "Network Topology Test"
  }, {
    "ExecutionVariants": [{
      "Description": "Process Tree State",
      "InputVector": {
},
      "RepeatCount": "1",
      "ScaleOut": {
        "ConcurrentExecution": false,
        "Hosts": "",
        "Port": "50000",
        "Transcription": null
      }
    }],
    "ID": "1F938FCA-A433-4396-ABFBBF025DF7BBA3",
    "Note": "ProcessTree Information"
  }, {
    "ExecutionVariants": [{
      "Description": "Query BIOS Settings",
      "InputVector": {
},
      "RepeatCount": "1",
      "ScaleOut": {
        "ConcurrentExecution": false,
        "Hosts": "",
        "Port": "50000",
        "Transcription": null
      }
    }],
    "ID": "F1492EC3-63BA-92F4-00008CF6170B63C8",
    "Note": "BIOS Information"
  }, {
    "ExecutionVariants": [{
      "Description": "File System Data",
      "InputVector": {
},
      "RepeatCount": "1",
      "ScaleOut": {
        "ConcurrentExecution": false,
        "Hosts": "",
        "Port": "50000",
        "Transcription": null
      }
    }],
    "ID": "E3E006A4-3E87-4DA3-83320E6EC7FDA3D2",
    "Note": "File System Mounts"
  }, {
    "ExecutionVariants": [{
      "Description": "Running Processes",
      "InputVector": {
},
      "RepeatCount": "1",
      "ScaleOut": {
        "ConcurrentExecution": true,
        "Hosts": "",
        "Port": "50000",
        "Transcription": null
      }
    }],
    "ID": "CA5DB449-0FD7-4532-B4342D5CC355AC0A",
    "Note": "Running Processes"
  }, {
    "ExecutionVariants": [{
      "Description": "Query Installed Packages",
      "InputVector": {
},
      "RepeatCount": "1",
      "ScaleOut": {
        "ConcurrentExecution": true,
        "Hosts": "",
        "Port": "50000",
        "Transcription": null
      }
    }],
    "ID": "88AA1736-FADB-4D67-8AE694D3471B39AE",
    "Note": "Installed Packages"
  }, {
    "ExecutionVariants": [{
      "Description": "HCI Fixed Sized Chunks, Sync IO",
      "InputVector": {
        "AsynchronousIO": "false",
        "BlockSize": "4096",
        "DirectoryName": "/hana/data",
        "FileCheckTime": "0",
        "FileName": "datafile.log",
        "FileReopenTime": "1",
        "MaxBlocksPerChunk": "1",
        "NumberOfBlocks": "16384",
        "TestDuration": "20"
      },
      "RepeatCount": "1",
      "ScaleOut": {
        "ConcurrentExecution": false,
        "Hosts": "",
        "Port": "50000",
        "Transcription": null
      }
    }, {
      "Description": "HCI Fixed Sized Chunks, Async IO",
      "InputVector": {
        "AsynchronousIO": "true",
        "BlockSize": "4096",
        "DirectoryName": "/hana/data",
        "FileCheckTime": "0",
        "FileName": "datafile.log",
        "FileReopenTime": "1",
        "MaxBlocksPerChunk": "1",
        "NumberOfBlocks": "16384",
        "TestDuration": "20"
      },
      "RepeatCount": "1",
      "ScaleOut": {
        "ConcurrentExecution": false,
        "Hosts": "",
        "Port": "50000",
        "Transcription": null
      }
    }, {
      "Description": "HCI Random Sized Chunks (MaxBlocksPerChunk), Sync IO",
      "InputVector": {
        "AsynchronousIO": "false",
        "BlockSize": "4096",
        "DirectoryName": "/hana/data",
        "FileCheckTime": "0",
        "FileName": "datafile.log",
        "FileReopenTime": "1",
        "MaxBlocksPerChunk": "1024",
        "NumberOfBlocks": "16384",
        "TestDuration": "20"
      },
      "RepeatCount": "1",
      "ScaleOut": {
        "ConcurrentExecution": false,
        "Hosts": "",
        "Port": "50000",
        "Transcription": null
      }
    }, {
      "Description": "HCI Random Sized Chunks (MaxBlocksPerChunk), Async IO",
      "InputVector": {
        "AsynchronousIO": "true",
        "BlockSize": "4096",
        "DirectoryName": "/hana/data",
        "FileCheckTime": "0",
        "FileName": "datafile.log",
        "FileReopenTime": "1",
        "MaxBlocksPerChunk": "1024",
        "NumberOfBlocks": "16384",
        "TestDuration": "20"
      },
      "RepeatCount": "1",
      "ScaleOut": {
        "ConcurrentExecution": false,
        "Hosts": "",
        "Port": "50000",
        "Transcription": null
      }
    }],
    "ID": "21BD2C62-378A-41C3-856A78FB14F91E08",
    "Note": "Hyper-Converged Consistency Check"
  }, {
    "ExecutionVariants": [{
      "Description": "CPU C-State Information",
      "InputVector": {
},
      "RepeatCount": "1",
      "ScaleOut": {
        "ConcurrentExecution": false,
        "Hosts": "",
        "Port": "50000",
        "Transcription": null
      }
    }],
    "ID": "DA7864E7-364F-4E16-8A6371863DB0404B",
    "Note": "CPU States"
  }]
}
