{
  "Header": {
    "Description": "Measures NUMA node memory access bandwidth",
    "ID": "113FE950-77A4-41CF-884BAF25F4EB27F0",
    "Name": "NUMA Memory Bandwidth Test",
    "ResultSchema": "Measurement",
    "Version": "1.0"
  },
  "Measures": [{
    "ExecutionVariant": {
      "Description": "Simple NUMA Memory Bandwidth Check",
      "Hint": "",
      "Host": "localhost"
    },
    "InputVector": {
      "Contention": 1,
      "CreateJexLog": false,
      "LoadThreadsCPUNode": 3,
      "Loaded": false,
      "Memory": 10000,
      "NvmBasePath": "",
      "StealingPolicy": 0,
      "StopAfterWarmup": false,
      "Stride": 64,
      "TestTime": 20,
      "UseNvm": false,
      "WarmUpCPUNode": false
    },
    "Results": [{
      "MemoryBandwidth": [{
        "Bandwidth": 40935.254139989265,
        "CPUNode": 0,
        "MemoryNode": 0
      }]
    }]
  }],
  "Types": {
    "InputTypes": {
      "CreateJexLog": {
        "Description": "Create special log file for detailed analysis",
        "Type": "boolean"
      },
      "LoadThreadsCPUNode": {
        "Description": "LoadThreadsCPUNode",
        "Type": "numeric"
      },
      "Loaded": {
        "Description": "Loaded",
        "Type": "boolean"
      },
      "MemNumaNode": {
        "Description": "MemNumaNode",
        "Type": "numeric"
      },
      "Memory": {
        "Description": "Memory in KB",
        "Type": "numeric",
        "Unit": "KB"
      },
      "NvmBasePath": {
        "Description": "Base path for non-volatile memory",
        "Type": "string"
      },
      "StealingPolicy": {
        "Constraints": "Values must be in range of [0,3]",
        "Description": "Job executor's stealing policy determines how jobs added on a NUMA node are stolen by JobWorkers running on other NUMA nodes. StealingPolicy 0=default, 1=only own NN, 2=NUMA neighbors, 3=all NN",
        "Type": "numeric"
      },
      "StopAfterWarmup": {
        "Description": "Stop after warmup",
        "Type": "boolean"
      },
      "Stride": {
        "Description": "Stride",
        "Type": "numeric",
        "Unit": "bytes"
      },
      "TestTime": {
        "Description": "Test time of timer in ms",
        "Type": "numeric",
        "Unit": "s"
      },
      "UseNvm": {
        "Constraints": "Values must be in range of [0,2]",
        "Description": "Use non-volatile memory 0=disabled, 1=enabled, 2=simulation mode",
        "Type": "numeric"
      },
      "WarmUpCPUNode": {
        "Description": "Warm up CPU node",
        "Type": "string"
      }
    },
    "ResultTypes": {
      "MemoryBandwidth": {
        "Description": "Memory Bandwidth Measurement",
        "TableTypes": {
          "Bandwidth": {
            "Category": "measure",
            "Description": "Memory Bandwidth",
            "ShortUnit": "Bytes/s",
            "Type": "numeric",
            "Unit": "Bytes per second"
          },
          "CPUNode": {
            "Category": "dimension",
            "Description": "CPU Node Number.",
            "Type": "numeric"
          },
          "MemoryNode": {
            "Category": "dimension",
            "Description": "Memory Node Number.",
            "Type": "numeric"
          }
        },
        "Type": "table"
      }
    }
  }
}
