{
  "Header": {
    "Description": "Measures NUMA node memory latency",
    "ID": "36324424-F9CC-44DF-820752124C6A5652",
    "Name": "NUMA Memory Latency Test",
    "ResultSchema": "Measurement",
    "Version": "1.0"
  },
  "Measures": [{
    "ExecutionVariant": {
      "Description": "Simple NUMA Memory Latency Check",
      "Hint": "",
      "Host": "localhost"
    },
    "InputVector": {
      "Contention": 1,
      "CreateJexLog": false,
      "LoadThreadsCPUNode": 3,
      "Loaded": false,
      "Memory": 100000,
      "NvmBasePath": "",
      "StealingPolicy": 3,
      "StopAfterWarmup": false,
      "Stride": 64,
      "TestTime": 10,
      "UseNvm": false,
      "WarmUpCPUNode": false
    },
    "Results": [{
      "MemoryLatency": [{
        "CPUNode": 0,
        "Latency": 98,
        "MemoryNode": 0
      }]
    }]
  }, {
    "ExecutionVariant": {
      "Description": "NVM NUMA Memory Latency Check",
      "Hint": "",
      "Host": "localhost"
    },
    "InputVector": {
      "Contention": 1,
      "CreateJexLog": false,
      "LoadThreadsCPUNode": 3,
      "Loaded": false,
      "Memory": 100000,
      "NvmBasePath": "",
      "StealingPolicy": 3,
      "StopAfterWarmup": false,
      "Stride": 64,
      "TestTime": 10,
      "UseNvm": true,
      "WarmUpCPUNode": false
    },
    "Results": [{
      "MemoryLatency": []
    }]
  }],
  "Types": {
    "InputTypes": {
      "CreateJexLog": {
        "Description": "Create special log file for detailed analysis",
        "Type": "boolean"
      },
      "LoadThreadsCPUNode": {
        "Description": "LoadThreadsCPUNode",
        "Type": "numeric"
      },
      "Loaded": {
        "Description": "Loaded",
        "Type": "boolean"
      },
      "MemNumaNode": {
        "Description": "MemNumaNode",
        "Type": "numeric"
      },
      "Memory": {
        "Description": "Memory in KB",
        "Type": "numeric",
        "Unit": "KB"
      },
      "NvmBasePath": {
        "Description": "Base path for non-volatile memory",
        "Type": "string"
      },
      "StealingPolicy": {
        "Constraints": "Values must be in range of [0,3]",
        "Description": "Job executor's stealing policy determines how jobs added on a NUMA node are stolen by JobWorkers running on other NUMA nodes. StealingPolicy 0=default, 1=only own NN, 2=NUMA neighbors, 3=all NN",
        "Type": "numeric"
      },
      "StopAfterWarmup": {
        "Description": "Stop after warmup",
        "Type": "boolean"
      },
      "Stride": {
        "Description": "Stride",
        "Type": "numeric",
        "Unit": "bytes"
      },
      "TestTime": {
        "Description": "Test time of timer in ms",
        "Type": "numeric",
        "Unit": "s"
      },
      "UseNvm": {
        "Constraints": "Values must be in range of [0,2]",
        "Description": "Use non-volatile memory 0=disabled, 1=enabled, 2=simulation mode",
        "Type": "numeric"
      },
      "WarmUpCPUNode": {
        "Description": "Warm up CPU node",
        "Type": "string"
      }
    },
    "ResultTypes": {
      "MemoryLatency": {
        "Description": "Memory latency measurement",
        "TableTypes": {
          "CPUNode": {
            "Category": "dimension",
            "Description": "CPU node Number.",
            "Type": "numeric"
          },
          "Latency": {
            "Category": "measure",
            "Description": "Measured memory latency",
            "ShortUnit": "ns",
            "Type": "numeric",
            "Unit": "nanoseconds"
          },
          "MemoryNode": {
            "Category": "dimension",
            "Description": "Memory node number.",
            "Type": "numeric"
          }
        },
        "Type": "table"
      }
    }
  }
}
