{
  "Header": {
    "Description": "Measures NUMA node timer behavior",
    "ID": "3CF9A97D-E1F6-4341-BC316AA2413697FF",
    "Name": "NUMA Timer",
    "ResultSchema": "Measurement",
    "Version": "1.0"
  },
  "Measures": [{
    "ExecutionVariant": {
      "Description": "Timer Checks",
      "Hint": "",
      "Host": "localhost"
    },
    "InputVector": {
      "Contention": 1,
      "TestTime": 2000
    },
    "Results": [{
      "HighPerformanceTimerNanoSecondsPerOp": 32,
      "HighPerformanceTimerOperationsPerSecond": 30618959,
      "HighPerformanceTimerRunsReverse": false,
      "HighPerformanceTimerRunsReverseCount": 0,
      "HighPerformanceTimerRunsReverseTicks": 0,
      "MicroTimerNanoSecondsPerOp": 37,
      "MicroTimerOperationsPerSecond": 26335721,
      "MicroTimerRunsReverse": false,
      "MicroTimerRunsReverseCount": 0,
      "MicroTimerRunsReverseTicks": 0
    }]
  }],
  "Types": {
    "InputTypes": {
      "TestTime": {
        "Description": "Test time of timer in ms",
        "Type": "numeric",
        "Unit": "ms"
      }
    },
    "ResultTypes": {
      "HighPerformanceTimerNanoSecondsPerOp": {
        "Description": "Time spent per operation",
        "Type": "numeric",
        "Unit": "ns"
      },
      "HighPerformanceTimerOperationsPerSecond": {
        "Description": "Operations per second",
        "Type": "numeric"
      },
      "HighPerformanceTimerRunsReverse": {
        "Description": "Detected that the HighPerformanceTimer runs sometimes reverse",
        "Type": "boolean"
      },
      "HighPerformanceTimerRunsReverseCount": {
        "Description": "Number of detections when the HighPerformanceTimer runs reverse",
        "Important": false,
        "Type": "numeric"
      },
      "HighPerformanceTimerRunsReverseTicks": {
        "Description": "Sum of ticks the HighPerformanceTimer runs reverse",
        "Important": false,
        "Type": "numeric"
      },
      "MicroTimerNanoSecondsPerOp": {
        "Description": "Time spent per operation",
        "Type": "numeric",
        "Unit": "ns"
      },
      "MicroTimerOperationsPerSecond": {
        "Description": "Operations per second",
        "Type": "numeric"
      },
      "MicroTimerRunsReverse": {
        "Description": "Detected that the MicroTimer runs sometimes reverse",
        "Type": "boolean"
      },
      "MicroTimerRunsReverseCount": {
        "Description": "Number of detections when the MicroTimer runs reverse",
        "Important": false,
        "Type": "numeric"
      },
      "MicroTimerRunsReverseTicks": {
        "Description": "Sum of ticks the MicroTimer runs reverse",
        "Important": false,
        "Type": "numeric"
      }
    }
  }
}
