{
  "Header": {
    "Description": "Benchmarks hash calculation performance",
    "ID": "89A12C5D-E7F5-4CB2-9DE715A03DD9B9FE",
    "Name": "CPU Hash Benchmark",
    "ResultSchema": "Measurement",
    "Version": "1.0"
  },
  "Measures": [{
    "ExecutionVariant": {
      "Description": "Buffer 1MB",
      "Hint": "",
      "Host": "localhost"
    },
    "InputVector": {
      "BlockSize": 1048576,
      "Contention": 1,
      "Iterations": 100
    },
    "Results": [{
      "ADLER32Throughput": 2826198048,
      "CRC32Throughput": 1301334127,
      "MD5Throughput": 417519829
    }, {
      "ADLER32Throughput": 2830241032,
      "CRC32Throughput": 1294730083,
      "MD5Throughput": 417902548
    }, {
      "ADLER32Throughput": 2821786867,
      "CRC32Throughput": 1271155291,
      "MD5Throughput": 417802640
    }, {
      "ADLER32Throughput": 2806305365,
      "CRC32Throughput": 1298192442,
      "MD5Throughput": 416986857
    }, {
      "ADLER32Throughput": 2834908619,
      "CRC32Throughput": 1307679644,
      "MD5Throughput": 417707773
    }]
  }, {
    "ExecutionVariant": {
      "Description": "Buffer 1GB",
      "Hint": "",
      "Host": "localhost"
    },
    "InputVector": {
      "BlockSize": 1073741824,
      "Contention": 1,
      "Iterations": 1
    },
    "Results": [{
      "ADLER32Throughput": 2785286375,
      "CRC32Throughput": 1309129931,
      "MD5Throughput": 417381156
    }]
  }],
  "Types": {
    "InputTypes": {
      "BlockSize": {
        "Description": "Memory block size for hash and memory operations",
        "Type": "numeric",
        "Unit": "Bytes"
      },
      "Iterations": {
        "Description": "Iterations for hash and memory operations",
        "Type": "numeric"
      }
    },
    "ResultTypes": {
      "ADLER32Throughput": {
        "Description": "Bytes that can be processed in a ADLER32 hash calculation per second",
        "ShortUnit": "Bytes/s",
        "Type": "numeric",
        "Unit": "Bytes per second"
      },
      "CRC32Throughput": {
        "Description": "Bytes that can be processed for a CRC32 hash calculation per second",
        "ShortUnit": "Bytes/s",
        "Type": "numeric",
        "Unit": "Bytes per second"
      },
      "MD5Throughput": {
        "Description": "Bytes that can be processed in a MD5 hash calculation per second",
        "ShortUnit": "Bytes/s",
        "Type": "numeric",
        "Unit": "Bytes per second"
      }
    }
  }
}
