{
  "Header": {
    "Description": "Benchmarks simple memory operations",
    "ID": "9CE17161-986F-4183-965077F1D8C9ABB8",
    "Name": "CPU Memory Benchmark",
    "ResultSchema": "Measurement",
    "Version": "1.0"
  },
  "Measures": [{
    "ExecutionVariant": {
      "Description": "Buffer 1MB",
      "Hint": "",
      "Host": "localhost"
    },
    "InputVector": {
      "BlockSize": 1048576,
      "Contention": 1,
      "CoreIndices": "0",
      "Iterations": 10,
      "ThreadAffinityBinding": "hard"
    },
    "Results": [{
      "CoreValues": [{
        "CoreIndex": 0,
        "MemoryCompareDelay": 0,
        "MemoryCompareTime": 822,
        "MemoryCopyDelay": 0,
        "MemoryCopyTime": 885
      }],
      "MemoryCompareThroughput": 12136296296,
      "MemoryCompareThroughputPerCore": 12136296296,
      "MemoryCopyThroughput": 11238756698,
      "MemoryCopyThroughputPerCore": 11238756698
    }, {
      "CoreValues": [{
        "CoreIndex": 0,
        "MemoryCompareDelay": 0,
        "MemoryCompareTime": 851,
        "MemoryCopyDelay": 0,
        "MemoryCopyTime": 924
      }],
      "MemoryCompareThroughput": 11599292035,
      "MemoryCompareThroughputPerCore": 11599292035,
      "MemoryCopyThroughput": 10798928939,
      "MemoryCopyThroughputPerCore": 10798928939
    }, {
      "CoreValues": [{
        "CoreIndex": 0,
        "MemoryCompareDelay": 0,
        "MemoryCompareTime": 851,
        "MemoryCopyDelay": 0,
        "MemoryCopyTime": 922
      }],
      "MemoryCompareThroughput": 11637913429,
      "MemoryCompareThroughputPerCore": 11637913429,
      "MemoryCopyThroughput": 10843598759,
      "MemoryCopyThroughputPerCore": 10843598759
    }, {
      "CoreValues": [{
        "CoreIndex": 0,
        "MemoryCompareDelay": 0,
        "MemoryCompareTime": 922,
        "MemoryCopyDelay": 0,
        "MemoryCopyTime": 937
      }],
      "MemoryCompareThroughput": 10754625641,
      "MemoryCompareThroughputPerCore": 10754625641,
      "MemoryCopyThroughput": 10496256256,
      "MemoryCopyThroughputPerCore": 10496256256
    }, {
      "CoreValues": [{
        "CoreIndex": 0,
        "MemoryCompareDelay": 0,
        "MemoryCompareTime": 853,
        "MemoryCopyDelay": 0,
        "MemoryCopyTime": 925
      }],
      "MemoryCompareThroughput": 11586475138,
      "MemoryCompareThroughputPerCore": 11586475138,
      "MemoryCopyThroughput": 10832396694,
      "MemoryCopyThroughputPerCore": 10832396694
    }]
  }, {
    "ExecutionVariant": {
      "Description": "Buffer 1GB Single Core",
      "Hint": "",
      "Host": "localhost"
    },
    "InputVector": {
      "BlockSize": 1073741824,
      "Contention": 1,
      "CoreIndices": "0",
      "Iterations": 1,
      "ThreadAffinityBinding": "hard"
    },
    "Results": [{
      "CoreValues": [{
        "CoreIndex": 0,
        "MemoryCompareDelay": 0,
        "MemoryCompareTime": 162780,
        "MemoryCopyDelay": 0,
        "MemoryCopyTime": 185256
      }],
      "MemoryCompareThroughput": 6593400249,
      "MemoryCompareThroughputPerCore": 6593400249,
      "MemoryCopyThroughput": 5794300491,
      "MemoryCopyThroughputPerCore": 5794300491
    }]
  }],
  "Types": {
    "InputTypes": {
      "BlockSize": {
        "Description": "Memory block size for hash and memory operations",
        "Type": "numeric",
        "Unit": "Bytes"
      },
      "CoreIndices": {
        "Description": "List of core indices of the cores that are used",
        "Type": "string"
      },
      "Iterations": {
        "Description": "Iterations for hash and memory operations",
        "Type": "numeric"
      }
    },
    "ResultTypes": {
      "CoreValues": {
        "Description": "Values for single cores",
        "TableTypes": {
          "CoreIndex": {
            "Description": "CoreIndex",
            "Type": "numeric"
          },
          "MemoryCompareDelay": {
            "Description": "Delay of starting of compare operation",
            "ShortUnit": "us",
            "Type": "numeric",
            "Unit": "Microseconds"
          },
          "MemoryCompareTime": {
            "Description": "Operation time for memory compare on core",
            "ShortUnit": "us",
            "Type": "numeric",
            "Unit": "Microseconds"
          },
          "MemoryCopyDelay": {
            "Description": "Delay of starting of copy operation",
            "ShortUnit": "us",
            "Type": "numeric",
            "Unit": "Microseconds"
          },
          "MemoryCopyTime": {
            "Description": "Operation time for memory copy on core",
            "ShortUnit": "us",
            "Type": "numeric",
            "Unit": "Microseconds"
          }
        },
        "Type": "table"
      },
      "MemoryCompareThroughput": {
        "Description": "Bytes that can be compared per second",
        "ShortUnit": "Bytes/s",
        "Type": "numeric",
        "Unit": "Bytes per second"
      },
      "MemoryCompareThroughputPerCore": {
        "Description": "Bytes that can be compared per second per core",
        "ShortUnit": "Bytes/s",
        "Type": "numeric",
        "Unit": "Bytes per second"
      },
      "MemoryCopyThroughput": {
        "Description": "Bytes that can be copyied per second",
        "ShortUnit": "Bytes/s",
        "Type": "numeric",
        "Unit": "Bytes per second"
      },
      "MemoryCopyThroughputPerCore": {
        "Description": "Medium bytes that can be copyied per core",
        "ShortUnit": "Bytes/s",
        "Type": "numeric",
        "Unit": "Bytes per second"
      }
    }
  }
}
