{
  "Header": {
    "Description": "Benchmarks CPU performance",
    "ID": "C9C9F832-854F-492D-8E7EFB4609AC435C",
    "Name": "CPU Benchmark Test",
    "ResultSchema": "Measurement",
    "Version": "1.0"
  },
  "Measures": [{
    "ExecutionVariant": {
      "Description": "CPU Performance",
      "Hint": "",
      "Host": "localhost"
    },
    "InputVector": {
      "Contention": 1,
      "NumberArithmeticOperations": 2000000,
      "PrimeNumbersSearchTime": 10
    },
    "Results": [{
      "PrimeNumbersFound": 21284,
      "SingleThread32BitFloatingPointOperationsPerSecond": 1071237279,
      "SingleThread32BitIntegerOperationsPerSecond": 808734330,
      "SingleThread64BitFloatingPointOperationsPerSecond": 1014198782,
      "SingleThread64BitIntegerOperationsPerSecond": 560302563
    }, {
      "PrimeNumbersFound": 22051,
      "SingleThread32BitFloatingPointOperationsPerSecond": 1082543978,
      "SingleThread32BitIntegerOperationsPerSecond": 809880542,
      "SingleThread64BitFloatingPointOperationsPerSecond": 1014198782,
      "SingleThread64BitIntegerOperationsPerSecond": 557957874
    }, {
      "PrimeNumbersFound": 22048,
      "SingleThread32BitFloatingPointOperationsPerSecond": 1074691026,
      "SingleThread32BitIntegerOperationsPerSecond": 804505229,
      "SingleThread64BitFloatingPointOperationsPerSecond": 1000500250,
      "SingleThread64BitIntegerOperationsPerSecond": 559910414
    }, {
      "PrimeNumbersFound": 22039,
      "SingleThread32BitFloatingPointOperationsPerSecond": 1071524243,
      "SingleThread32BitIntegerOperationsPerSecond": 802568218,
      "SingleThread64BitFloatingPointOperationsPerSecond": 1012914661,
      "SingleThread64BitIntegerOperationsPerSecond": 561088511
    }, {
      "PrimeNumbersFound": 22038,
      "SingleThread32BitFloatingPointOperationsPerSecond": 1079330814,
      "SingleThread32BitIntegerOperationsPerSecond": 813008130,
      "SingleThread64BitFloatingPointOperationsPerSecond": 1005277707,
      "SingleThread64BitIntegerOperationsPerSecond": 554477405
    }]
  }],
  "Types": {
    "InputTypes": {
      "NumberArithmeticOperations": {
        "Description": "Number of arithmetic operations to run",
        "Type": "numeric"
      },
      "PrimeNumbersSearchTime": {
        "Description": "Time in seconds to search for prime numbers",
        "ShortUnit": "s",
        "Type": "numeric",
        "Unit": "seconds"
      }
    },
    "ResultTypes": {
      "PrimeNumbersFound": {
        "Description": "Number of found primes during search period.",
        "Type": "numeric"
      },
      "SingleThread32BitFloatingPointOperationsPerSecond": {
        "Description": "Number of floating point arithmetic operations (+,-,*,/) per second",
        "ShortUnit": "ops/s",
        "Type": "numeric",
        "Unit": "floating point operations per second"
      },
      "SingleThread32BitIntegerOperationsPerSecond": {
        "Description": "Number of integer arithmetic operations (+,-,*,/) per second",
        "ShortUnit": "ops/s",
        "Type": "numeric",
        "Unit": "operations per second"
      },
      "SingleThread64BitFloatingPointOperationsPerSecond": {
        "Description": "Number of floating point arithmetic operations (+,-,*,/) per second",
        "ShortUnit": "ops/s",
        "Type": "numeric",
        "Unit": "floating point operations per second"
      },
      "SingleThread64BitIntegerOperationsPerSecond": {
        "Description": "Number of integer arithmetic operations (+,-,*,/) per second",
        "ShortUnit": "ops/s",
        "Type": "numeric",
        "Unit": "operations per second"
      }
    }
  }
}
